date,confirmed_cases,Face_Masks_Required_in_Public,death,current_population,change_in_daily_cases
2020-01-22,0,unknown,0,1250578,
2020-01-23,0,unknown,0,1250578,0.0
2020-01-24,0,unknown,0,1250578,0.0
2020-01-25,0,unknown,0,1250578,0.0
2020-01-26,0,unknown,0,1250578,0.0
2020-01-27,0,unknown,0,1250578,0.0
2020-01-28,0,unknown,0,1250578,0.0
2020-01-29,0,unknown,0,1250578,0.0
2020-01-30,0,unknown,0,1250578,0.0
2020-01-31,0,unknown,0,1250578,0.0
2020-02-01,0,unknown,0,1250578,0.0
2020-02-02,0,unknown,0,1250578,0.0
2020-02-03,0,unknown,0,1250578,0.0
2020-02-04,0,unknown,0,1250578,0.0
2020-02-05,0,unknown,0,1250578,0.0
2020-02-06,0,unknown,0,1250578,0.0
2020-02-07,0,unknown,0,1250578,0.0
2020-02-08,0,unknown,0,1250578,0.0
2020-02-09,0,unknown,0,1250578,0.0
2020-02-10,0,unknown,0,1250578,0.0
2020-02-11,0,unknown,0,1250578,0.0
2020-02-12,0,unknown,0,1250578,0.0
2020-02-13,0,unknown,0,1250578,0.0
2020-02-14,0,unknown,0,1250578,0.0
2020-02-15,0,unknown,0,1250578,0.0
2020-02-16,0,unknown,0,1250578,0.0
2020-02-17,0,unknown,0,1250578,0.0
2020-02-18,0,unknown,0,1250578,0.0
2020-02-19,0,unknown,0,1250578,0.0
2020-02-20,0,unknown,0,1250578,0.0
2020-02-21,0,unknown,0,1250578,0.0
2020-02-22,0,unknown,0,1250578,0.0
2020-02-23,0,unknown,0,1250578,0.0
2020-02-24,0,unknown,0,1250578,0.0
2020-02-25,0,unknown,0,1250578,0.0
2020-02-26,0,unknown,0,1250578,0.0
2020-02-27,0,unknown,0,1250578,0.0
2020-02-28,0,unknown,0,1250578,0.0
2020-02-29,0,unknown,0,1250578,0.0
2020-03-01,0,unknown,0,1250578,0.0
2020-03-02,0,unknown,0,1250578,0.0
2020-03-03,0,unknown,0,1250578,0.0
2020-03-04,0,unknown,0,1250578,0.0
2020-03-05,0,unknown,0,1250578,0.0
2020-03-06,0,unknown,0,1250578,0.0
2020-03-07,0,unknown,0,1250578,0.0
2020-03-08,0,unknown,0,1250578,0.0
2020-03-09,0,unknown,0,1250578,0.0
2020-03-10,0,unknown,0,1250578,0.0
2020-03-11,0,unknown,0,1250578,0.0
2020-03-12,0,unknown,0,1250578,0.0
2020-03-13,0,unknown,0,1250578,0.0
2020-03-14,2,unknown,0,1250578,2.0
2020-03-15,2,unknown,0,1250578,0.0
2020-03-16,6,unknown,0,1250578,4.0
2020-03-17,10,unknown,0,1250578,4.0
2020-03-18,13,unknown,0,1250578,3.0
2020-03-19,18,unknown,0,1250578,5.0
2020-03-20,28,unknown,0,1250578,10.0
2020-03-21,31,unknown,1,1250577,3.0
2020-03-22,40,unknown,1,1250576,9.0
2020-03-23,48,unknown,1,1250575,8.0
2020-03-24,58,unknown,2,1250573,10.0
2020-03-25,88,unknown,2,1250571,30.0
2020-03-26,133,unknown,2,1250569,45.0
2020-03-27,158,unknown,2,1250567,25.0
2020-03-28,219,unknown,2,1250565,61.0
2020-03-29,265,unknown,2,1250563,46.0
2020-03-30,290,unknown,2,1250561,25.0
2020-03-31,325,unknown,2,1250559,35.0
2020-04-01,356,unknown,2,1250557,31.0
2020-04-02,421,unknown,2,1250555,65.0
2020-04-03,478,unknown,2,1250553,57.0
2020-04-04,549,unknown,3,1250550,71.0
2020-04-05,591,unknown,4,1250546,42.0
2020-04-06,626,unknown,4,1250542,35.0
2020-04-07,676,unknown,6,1250536,50.0
2020-04-08,714,unknown,10,1250526,38.0
2020-04-09,752,unknown,12,1250514,38.0
2020-04-10,787,No,18,1250496,35.0
2020-04-11,834,No,19,1250477,47.0
2020-04-12,863,No,19,1250458,29.0
2020-04-13,878,No,21,1250437,15.0
2020-04-14,890,No,24,1250413,12.0
2020-04-15,902,No,26,1250387,12.0
2020-04-16,926,No,38,1250349,24.0
2020-04-17,947,No,43,1250306,21.0
2020-04-18,1006,No,47,1250259,59.0
2020-04-19,1034,Yes,50,1250209,28.0
2020-04-20,1042,Yes,55,1250154,8.0
2020-04-21,1058,Yes,67,1250087,16.0
2020-04-22,1086,Yes,74,1250013,28.0
2020-04-23,1153,Yes,74,1249939,67.0
2020-04-24,1181,Yes,74,1249865,28.0
2020-04-25,1198,Yes,73,1249792,17.0
2020-04-26,1206,Yes,73,1249719,8.0
2020-04-27,1218,Yes,79,1249640,12.0
2020-04-28,1240,Yes,87,1249553,22.0
2020-04-29,1272,Yes,86,1249467,32.0
2020-04-30,1289,Yes,94,1249373,17.0
2020-05-01,1313,Yes,99,1249274,24.0
2020-05-02,1328,Yes,102,1249172,15.0
2020-05-03,1338,Yes,102,1249070,10.0
2020-05-04,1358,Yes,102,1248968,20.0
2020-05-05,1366,Yes,109,1248859,8.0
2020-05-06,1387,Yes,111,1248748,21.0
2020-05-07,1430,Yes,117,1248631,43.0
2020-05-08,1442,Yes,119,1248512,12.0
2020-05-09,1471,Yes,120,1248392,29.0
2020-05-10,1487,Yes,122,1248270,16.0
2020-05-11,1494,Yes,123,1248147,7.0
2020-05-12,1509,Yes,127,1248020,15.0
2020-05-13,1526,Yes,139,1247881,17.0
2020-05-14,1535,Yes,139,1247742,9.0
2020-05-15,1566,Yes,141,1247601,31.0
2020-05-16,1573,Yes,143,1247458,7.0
2020-05-17,1579,Yes,143,1247315,6.0
2020-05-18,1611,Yes,143,1247172,32.0
2020-05-19,1630,Yes,145,1247027,19.0
2020-05-20,1655,Yes,147,1246880,25.0
2020-05-21,1690,Yes,148,1246732,35.0
2020-05-22,1712,Yes,154,1246578,22.0
2020-05-23,1722,Yes,158,1246420,10.0
2020-05-24,1746,Yes,159,1246261,24.0
2020-05-25,1765,Yes,160,1246101,19.0
2020-05-26,1777,Yes,160,1245941,12.0
2020-05-27,1789,Yes,160,1245781,12.0
2020-05-28,1812,Yes,161,1245620,23.0
2020-05-29,1832,Yes,162,1245458,20.0
2020-05-30,1853,Yes,163,1245295,21.0
2020-05-31,1865,Yes,163,1245132,12.0
2020-06-01,1872,Yes,164,1244968,7.0
2020-06-02,1881,Yes,165,1244803,9.0
2020-06-03,1900,Yes,166,1244637,19.0
2020-06-04,1918,Yes,166,1244471,18.0
2020-06-05,1927,Yes,168,1244303,9.0
2020-06-06,1939,Yes,168,1244135,12.0
2020-06-07,1958,Yes,168,1243967,19.0
2020-06-08,1963,Yes,169,1243798,5.0
2020-06-09,1982,Yes,169,1243629,19.0
2020-06-10,1989,Yes,170,1243459,7.0
2020-06-11,2011,Yes,171,1243288,22.0
2020-06-12,2022,Yes,171,1243117,11.0
2020-06-13,2032,Yes,172,1242945,10.0
2020-06-14,2034,Yes,172,1242773,2.0
2020-06-15,2040,Yes,174,1242599,6.0
2020-06-16,2065,Yes,177,1242422,25.0
2020-06-17,2071,Yes,177,1242245,6.0
2020-06-18,2080,Yes,177,1242068,9.0
2020-06-19,2096,Yes,178,1241890,16.0
2020-06-20,2116,Yes,179,1241711,20.0
2020-06-21,2134,Yes,179,1241532,18.0
2020-06-22,2178,Yes,179,1241353,44.0
2020-06-23,2205,Yes,179,1241174,27.0
2020-06-24,2246,Yes,180,1240994,41.0
2020-06-25,2286,Yes,182,1240812,40.0
2020-06-26,2345,Yes,183,1240629,59.0
2020-06-27,2438,Yes,183,1240446,93.0
2020-06-28,2543,Yes,183,1240263,105.0
2020-06-29,2641,Yes,183,1240080,98.0
2020-06-30,2727,Yes,183,1239897,86.0
2020-07-01,2839,Yes,187,1239710,112.0
2020-07-02,3070,Yes,188,1239522,231.0
2020-07-03,3243,Yes,190,1239332,173.0
2020-07-04,3401,Yes,190,1239142,158.0
2020-07-05,3524,Yes,190,1238952,123.0
2020-07-06,3740,Yes,190,1238762,216.0
2020-07-07,3954,Yes,190,1238572,214.0
2020-07-08,4176,Yes,190,1238382,222.0
2020-07-09,4376,Yes,193,1238189,200.0
2020-07-10,4525,Yes,193,1237996,149.0
2020-07-11,4727,Yes,193,1237803,202.0
2020-07-12,4918,Yes,195,1237608,191.0
2020-07-13,5002,Yes,197,1237411,84.0
2020-07-14,5321,Yes,199,1237212,319.0
2020-07-15,5571,Yes,201,1237011,250.0
2020-07-16,5737,Yes,201,1236810,166.0
2020-07-17,5966,Yes,202,1236608,229.0
2020-07-18,6093,Yes,203,1236405,127.0
2020-07-19,6239,Yes,205,1236200,146.0
2020-07-20,6413,Yes,208,1235992,174.0
2020-07-21,6554,Yes,211,1235781,141.0
2020-07-22,6664,Yes,214,1235567,110.0
2020-07-23,6822,Yes,214,1235353,158.0
2020-07-24,7006,Yes,216,1235137,184.0
2020-07-25,7164,Yes,218,1234919,158.0
2020-07-26,7279,Yes,218,1234701,115.0
2020-07-27,7452,Yes,218,1234483,173.0
2020-07-28,7600,Yes,223,1234260,148.0
2020-07-29,7707,Yes,227,1234033,107.0
2020-07-30,7842,Yes,227,1233806,135.0
2020-07-31,8084,Yes,230,1233576,242.0
2020-08-01,8145,Yes,233,1233343,61.0
2020-08-02,8228,Yes,234,1233109,83.0
2020-08-03,8296,Yes,234,1232875,68.0
2020-08-04,8431,Yes,237,1232638,135.0
2020-08-05,8504,Yes,239,1232399,73.0
2020-08-06,8605,Yes,243,1232156,101.0
2020-08-07,8702,Yes,244,1231912,97.0
2020-08-08,8796,Yes,247,1231665,94.0
2020-08-09,8862,Yes,247,1231418,66.0
2020-08-10,8933,Yes,247,1231171,71.0
2020-08-11,9008,Yes,254,1230917,75.0
2020-08-12,9094,Yes,259,1230658,86.0
2020-08-13,9205,Yes,260,1230398,111.0
2020-08-14,9293,Yes,265,1230133,88.0
2020-08-15,9381,Yes,269,1229864,88.0
2020-08-16,9468,Yes,270,1229594,87.0
2020-08-17,9519,Yes,270,1229324,51.0
2020-08-18,9563,Yes,274,1229050,44.0
2020-08-19,9595,Yes,277,1228773,32.0
2020-08-20,9696,Yes,282,1228491,101.0
2020-08-21,9776,Yes,287,1228204,80.0
2020-08-22,9845,Yes,291,1227913,69.0
2020-08-23,9924,Yes,293,1227620,79.0
2020-08-24,9955,Yes,293,1227327,31.0
2020-08-25,10010,Yes,296,1227031,55.0
2020-08-26,10038,Yes,301,1226730,28.0
2020-08-27,10088,Yes,304,1226426,50.0
2020-08-28,10158,Yes,311,1226115,70.0
2020-08-29,10228,Yes,313,1225802,70.0
2020-08-30,10322,Yes,313,1225489,94.0
2020-08-31,10360,Yes,313,1225176,38.0
2020-09-01,10402,Yes,314,1224862,42.0
2020-09-02,10464,Yes,316,1224546,62.0
2020-09-03,10568,Yes,324,1224222,104.0
2020-09-04,10660,Yes,324,1223898,92.0
2020-09-05,10728,Yes,325,1223573,68.0
2020-09-06,10782,Yes,325,1223248,54.0
2020-09-07,10833,Yes,327,1222921,51.0
2020-09-08,10875,Yes,327,1222594,42.0
2020-09-09,10931,Yes,330,1222264,56.0
2020-09-10,10984,Yes,330,1221934,53.0
2020-09-11,11089,Yes,331,1221603,105.0
2020-09-12,11151,Yes,331,1221272,62.0
2020-09-13,11241,Yes,331,1220941,90.0
2020-09-14,11294,Yes,335,1220606,53.0
2020-09-15,11382,Yes,335,1220271,88.0
2020-09-16,11452,Yes,341,1219930,70.0
2020-09-17,11542,Yes,342,1219588,90.0
2020-09-18,11609,Yes,344,1219244,67.0
2020-09-19,11691,Yes,345,1218899,82.0
2020-09-20,11758,Yes,347,1218552,67.0
2020-09-21,11804,Yes,349,1218203,46.0
2020-09-22,11847,Yes,351,1217852,43.0
2020-09-23,11899,Yes,354,1217498,52.0
2020-09-24,11961,Yes,354,1217144,62.0
2020-09-25,12022,Yes,354,1216790,61.0
2020-09-26,12121,Yes,355,1216435,99.0
2020-09-27,12182,Yes,355,1216080,61.0
2020-09-28,12252,Yes,355,1215725,70.0
2020-09-29,12318,Yes,357,1215368,66.0
2020-09-30,12372,Yes,361,1215007,54.0
2020-10-01,12488,Yes,361,1214646,116.0
2020-10-02,12556,Yes,362,1214284,68.0
2020-10-03,12663,Yes,363,1213921,107.0
2020-10-04,12760,Yes,364,1213557,97.0
2020-10-05,12817,Yes,364,1213193,57.0
2020-10-06,12893,Yes,367,1212826,76.0
2020-10-07,12929,Yes,370,1212456,36.0
2020-10-08,13043,Yes,371,1212085,114.0
2020-10-09,13140,Yes,371,1211714,97.0
2020-10-10,13234,Yes,372,1211342,94.0
2020-10-11,13319,Yes,373,1210969,85.0
2020-10-12,13393,Yes,374,1210595,74.0
2020-10-13,13469,Yes,375,1210220,76.0
2020-10-14,13567,Yes,378,1209842,98.0
2020-10-15,13703,Yes,383,1209459,136.0
2020-10-16,13847,Yes,387,1209072,144.0
2020-10-17,13984,Yes,387,1208685,137.0
2020-10-18,14095,Yes,391,1208294,111.0
2020-10-19,14192,Yes,392,1207902,97.0
2020-10-20,14303,Yes,395,1207507,111.0
2020-10-21,14425,Yes,397,1207110,122.0
2020-10-22,14559,Yes,399,1206711,134.0
2020-10-23,14731,Yes,403,1206308,172.0
2020-10-24,14851,Yes,405,1205903,120.0
2020-10-25,14958,Yes,407,1205496,107.0
2020-10-26,15030,Yes,407,1205089,72.0
2020-10-27,15126,Yes,410,1204679,96.0
2020-10-28,15319,Yes,411,1204268,193.0
2020-10-29,15470,Yes,416,1203852,151.0
2020-10-30,15657,Yes,416,1203436,187.0
2020-10-31,15812,Yes,419,1203017,155.0
2020-11-01,15948,Yes,419,1202598,136.0
2020-11-02,16077,Yes,421,1202177,129.0
2020-11-03,16237,Yes,423,1201754,160.0
2020-11-04,16463,Yes,426,1201328,226.0
2020-11-05,16645,Yes,430,1200898,182.0
2020-11-06,16884,Yes,433,1200465,239.0
2020-11-07,17171,Yes,433,1200032,287.0
2020-11-08,17423,Yes,433,1199599,252.0
2020-11-09,17695,Yes,433,1199166,272.0
2020-11-10,18021,Yes,435,1198731,326.0
2020-11-11,18410,Yes,436,1198295,389.0
2020-11-12,18798,Yes,440,1197855,388.0
2020-11-13,19190,Yes,440,1197415,392.0
2020-11-14,19563,Yes,440,1196975,373.0
2020-11-15,20098,Yes,443,1196532,535.0
2020-11-16,20581,Yes,443,1196089,483.0
2020-11-17,20889,Yes,445,1195644,308.0
2020-11-18,21509,Yes,453,1195191,620.0
2020-11-19,22118,Yes,462,1194729,609.0
2020-11-20,22627,Yes,467,1194262,509.0
2020-11-21,23221,Yes,475,1193787,594.0
2020-11-22,23786,Yes,476,1193311,565.0
2020-11-23,24192,Yes,478,1192833,406.0
2020-11-24,24716,Yes,480,1192353,524.0
2020-11-25,25355,Yes,493,1191860,639.0
2020-11-26,26111,Yes,498,1191362,756.0
2020-11-27,26939,Yes,501,1190861,828.0
2020-11-28,27620,Yes,501,1190360,681.0
2020-11-29,28129,Yes,505,1189855,509.0
2020-11-30,28535,Yes,510,1189345,406.0
2020-12-01,29235,Yes,518,1188827,700.0
2020-12-02,29837,Yes,536,1188291,602.0
2020-12-03,30714,Yes,551,1187740,877.0
2020-12-04,31623,Yes,560,1187180,909.0
2020-12-05,32787,Yes,564,1186616,1164.0
2020-12-06,33650,Yes,570,1186046,863.0
2020-12-07,34290,Yes,573,1185473,640.0
2020-12-08,34994,Yes,588,1184885,704.0
2020-12-09,35727,Yes,608,1184277,733.0
2020-12-10,36847,Yes,635,1183642,1120.0
2020-12-11,38304,Yes,657,1182985,1457.0
2020-12-12,39489,Yes,681,1182304,1185.0
2020-12-13,40279,Yes,691,1181613,790.0
2020-12-14,40976,Yes,696,1180917,697.0
2020-12-15,42085,Yes,717,1180200,1109.0
2020-12-16,43120,Yes,741,1179459,1035.0
2020-12-17,43960,Yes,767,1178692,840.0
2020-12-18,44884,Yes,791,1177901,924.0
2020-12-19,45887,Yes,815,1177086,1003.0
2020-12-20,46489,Yes,823,1176263,602.0
2020-12-21,47240,Yes,830,1175433,751.0
2020-12-22,48114,Yes,845,1174588,874.0
2020-12-23,48960,Yes,867,1173721,846.0
2020-12-24,49834,Yes,888,1172833,874.0
2020-12-25,50483,Yes,899,1171934,649.0
2020-12-26,50990,Yes,906,1171028,507.0
2020-12-27,51379,Yes,916,1170112,389.0
2020-12-28,51577,Yes,925,1169187,198.0
2020-12-29,52598,Yes,952,1168235,1021.0
2020-12-30,53293,Yes,977,1167258,695.0
2020-12-31,53940,Yes,1009,1166249,647.0
2021-01-01,54764,Yes,1036,1165213,824.0
2021-01-02,55505,Yes,1041,1164172,741.0
2021-01-03,55940,Yes,1047,1163125,435.0
2021-01-04,56359,Yes,1055,1162070,419.0
2021-01-05,56951,Yes,1070,1161000,592.0
2021-01-06,57881,Yes,1099,1159901,930.0
2021-01-07,58526,Yes,1118,1158783,645.0
2021-01-08,59481,Yes,1143,1157640,955.0
2021-01-09,60308,Yes,1173,1156467,827.0
2021-01-10,60856,Yes,1180,1155287,548.0
2021-01-11,61201,Yes,1192,1154095,345.0
2021-01-12,61916,Yes,1208,1152887,715.0
2021-01-13,62563,Yes,1253,1151634,647.0
2021-01-14,63056,Yes,1277,1150357,493.0
2021-01-15,63540,Yes,1302,1149055,484.0
2021-01-16,64106,Yes,1322,1147733,566.0
2021-01-17,64555,Yes,1334,1146399,449.0
2021-01-18,64816,Yes,1336,1145063,261.0
2021-01-19,65242,Yes,1338,1143725,426.0
2021-01-20,65709,Yes,1370,1142355,467.0
2021-01-21,66170,Yes,1394,1140961,461.0
2021-01-22,66507,Yes,1413,1139548,337.0
2021-01-23,66944,Yes,1422,1138126,437.0
2021-01-24,67233,Yes,1430,1136696,289.0
2021-01-25,67548,Yes,1435,1135261,315.0
2021-01-26,67836,Yes,1454,1133807,288.0
2021-01-27,68222,Yes,1471,1132336,386.0
2021-01-28,68584,Yes,1485,1130851,362.0
2021-01-29,68932,Yes,1500,1129351,348.0
2021-01-30,69286,Yes,1516,1127835,354.0
2021-01-31,69497,Yes,1520,1126315,211.0
2021-02-01,69738,Yes,1521,1124794,241.0
2021-02-02,69965,Yes,1536,1123258,227.0
2021-02-03,70304,Yes,1555,1121703,339.0
2021-02-04,70617,Yes,1568,1120135,313.0
2021-02-05,70960,Yes,1576,1118559,343.0
2021-02-06,71243,Yes,1586,1116973,283.0
2021-02-07,71503,Yes,1591,1115382,260.0
2021-02-08,71676,Yes,1591,1113791,173.0
2021-02-09,72079,Yes,1600,1112191,403.0
2021-02-10,72331,Yes,1608,1110583,252.0
2021-02-11,72606,Yes,1620,1108963,275.0
2021-02-12,72875,Yes,1630,1107333,269.0
2021-02-13,73160,Yes,1643,1105690,285.0
2021-02-14,73384,Yes,1644,1104046,224.0
2021-02-15,73558,Yes,1646,1102400,174.0
2021-02-16,73756,Yes,1647,1100753,198.0
2021-02-17,73985,Yes,1658,1099095,229.0
2021-02-18,74240,Yes,1666,1097429,255.0
2021-02-19,74516,Yes,1675,1095754,276.0
2021-02-20,74779,Yes,1685,1094069,263.0
2021-02-21,75038,Yes,1685,1092384,259.0
2021-02-22,75160,Yes,1689,1090695,122.0
2021-02-23,75463,Yes,1697,1088998,303.0
2021-02-24,75694,Yes,1704,1087294,231.0
2021-02-25,75917,Yes,1708,1085586,223.0
2021-02-26,76328,Yes,1715,1083871,411.0
2021-02-27,76662,Yes,1715,1082156,334.0
2021-02-28,76851,Yes,1720,1080436,189.0
2021-03-01,77047,Yes,1720,1078716,196.0
2021-03-02,77250,Yes,1730,1076986,203.0
2021-03-03,77442,Yes,1734,1075252,192.0
2021-03-04,77735,Yes,1738,1073514,293.0
2021-03-05,78018,Yes,1742,1071772,283.0
2021-03-06,78288,Yes,1748,1070024,270.0
2021-03-07,78449,Yes,1755,1068269,161.0
2021-03-08,78584,Yes,1755,1066514,135.0
2021-03-09,78919,Yes,1760,1064754,335.0
2021-03-10,79144,Yes,1762,1062992,225.0
2021-03-11,79405,Yes,1764,1061228,261.0
2021-03-12,79698,Yes,1767,1059461,293.0
2021-03-13,80022,Yes,1767,1057694,324.0
2021-03-14,80178,Yes,1767,1055927,156.0
2021-03-15,80307,Yes,1769,1054158,129.0
2021-03-16,80610,Yes,1770,1052388,303.0
2021-03-17,80912,Yes,1774,1050614,302.0
2021-03-18,81223,Yes,1774,1048840,311.0
2021-03-19,81584,Yes,1777,1047063,361.0
2021-03-20,81937,Yes,1779,1045284,353.0
2021-03-21,82180,Yes,1780,1043504,243.0
2021-03-22,82353,Yes,1780,1041724,173.0
2021-03-23,82738,Yes,1783,1039941,385.0
2021-03-24,83249,Yes,1790,1038151,511.0
2021-03-25,83556,Yes,1793,1036358,307.0
2021-03-26,84119,Yes,1797,1034561,563.0
2021-03-27,84532,Yes,1800,1032761,413.0
2021-03-28,84871,Yes,1801,1030960,339.0
2021-03-29,85182,Yes,1802,1029158,311.0
2021-03-30,85589,Yes,1807,1027351,407.0
2021-03-31,86009,Yes,1814,1025537,420.0
2021-04-01,86357,Yes,1817,1023720,348.0
2021-04-02,86887,Yes,1820,1021900,530.0
2021-04-03,87476,Yes,1821,1020079,589.0
2021-04-04,87768,Yes,1821,1018258,292.0
2021-04-05,87995,Yes,1823,1016435,227.0
2021-04-06,88511,Yes,1824,1014611,516.0
2021-04-07,88917,Yes,1826,1012785,406.0
2021-04-08,89329,Yes,1832,1010953,412.0
2021-04-09,89911,Yes,1838,1009115,582.0
2021-04-10,90295,Yes,1840,1007275,384.0
2021-04-11,90762,Yes,1841,1005434,467.0
2021-04-12,91019,Yes,1842,1003592,257.0
2021-04-13,91465,Yes,1853,1001739,446.0
2021-04-14,92778,Yes,1860,999879,1313.0
2021-04-15,93194,Yes,1860,998019,416.0
2021-04-16,93693,Yes,1866,996153,499.0
2021-04-17,94062,Yes,1869,994284,369.0
2021-04-18,94295,Yes,1870,992414,233.0
2021-04-19,94514,Yes,1870,990544,219.0
2021-04-20,94914,Yes,1878,988666,400.0
2021-04-21,95284,Yes,1879,986787,370.0
2021-04-22,95635,Yes,1879,984908,351.0
2021-04-23,95964,Yes,1882,983026,329.0
2021-04-24,96301,Yes,1883,981143,337.0
2021-04-25,96519,Yes,1885,979258,218.0
2021-04-26,96632,Yes,1885,977373,113.0
2021-04-27,96912,Yes,1886,975487,280.0
2021-04-28,97159,Yes,1891,973596,247.0
2021-04-29,97387,Yes,1894,971702,228.0
2021-04-30,97762,Yes,1897,969805,375.0
2021-05-01,98020,Yes,1899,967906,258.0
2021-05-02,98258,Yes,1901,966005,238.0
2021-05-03,98471,Yes,1901,964104,213.0
2021-05-04,98708,Yes,1909,962195,237.0
2021-05-05,98886,Yes,1913,960282,178.0
2021-05-06,99065,Yes,1915,958367,179.0
2021-05-07,99258,Yes,1919,956448,193.0
2021-05-08,99491,Yes,1922,954526,233.0
2021-05-09,99619,Yes,1922,952604,128.0
2021-05-10,99690,Yes,1923,950681,71.0
2021-05-11,99919,Yes,1927,948754,229.0
2021-05-12,100112,Yes,1931,946823,193.0
2021-05-13,100263,Yes,1934,944889,151.0
2021-05-14,100405,Yes,1938,942951,142.0
2021-05-15,100586,Yes,1940,941011,181.0
2021-05-16,100689,Yes,1944,939067,103.0
2021-05-17,100757,Yes,1947,937120,68.0
2021-05-18,100927,Yes,1949,935171,170.0
2021-05-19,101024,Yes,1956,933215,97.0
2021-05-20,101173,Yes,1957,931258,149.0
2021-05-21,101306,Yes,1958,929300,133.0
2021-05-22,101379,Yes,1964,927336,73.0
2021-05-23,101452,Yes,1964,925372,73.0
2021-05-24,101504,Yes,1964,923408,52.0
2021-05-25,101576,Yes,1965,921443,72.0
2021-05-26,101653,Yes,1969,919474,77.0
2021-05-27,101702,Yes,1971,917503,49.0
2021-05-28,101780,Yes,1976,915527,78.0
2021-05-29,101832,Yes,1979,913548,52.0
2021-05-30,101870,Yes,1979,911569,38.0
2021-05-31,101894,Yes,1980,909589,24.0
2021-06-01,101945,Yes,1980,907609,51.0
2021-06-02,101990,Yes,1984,905625,45.0
2021-06-03,102023,Yes,1985,903640,33.0
2021-06-04,102067,Yes,1986,901654,44.0
2021-06-05,102131,Yes,1988,899666,64.0
2021-06-06,102155,Yes,1989,897677,24.0
2021-06-07,102181,Yes,1989,895688,26.0
2021-06-08,102208,Yes,1990,893698,27.0
2021-06-09,102230,Yes,1991,891707,22.0
2021-06-10,102266,Yes,1994,889713,36.0
2021-06-11,102297,Yes,1996,887717,31.0
2021-06-12,102311,Yes,1997,885720,14.0
2021-06-13,102318,Yes,1999,883721,7.0
2021-06-14,102323,Yes,1999,881722,5.0
2021-06-15,102345,Yes,2003,879719,22.0
2021-06-16,102360,Yes,2004,877715,15.0
2021-06-17,102373,Yes,2006,875709,13.0
2021-06-18,102398,Yes,2008,873701,25.0
2021-06-19,102414,Yes,2008,871693,16.0
2021-06-20,102425,Yes,2008,869685,11.0
2021-06-21,102429,Yes,2008,867677,4.0
2021-06-22,102446,Yes,2009,865668,17.0
2021-06-23,102461,Yes,2009,863659,15.0
2021-06-24,102477,Yes,2010,861649,16.0
2021-06-25,102495,Yes,2011,859638,18.0
2021-06-26,102516,Yes,2011,857627,21.0
2021-06-27,102529,Yes,2013,855614,13.0
2021-06-28,102536,No,2013,853601,7.0
2021-06-29,102550,No,2014,851587,14.0
2021-06-30,102563,No,2015,849572,13.0
2021-07-01,102575,No,2016,847556,12.0
2021-07-02,102585,No,2016,845540,10.0
2021-07-03,102605,No,2016,843524,20.0
2021-07-04,102612,No,2016,841508,7.0
2021-07-05,102630,No,2016,839492,18.0
2021-07-06,102634,No,2016,837476,4.0
2021-07-07,102650,No,2016,835460,16.0
2021-07-08,102669,No,2016,833444,19.0
2021-07-09,102689,No,2016,831428,20.0
2021-07-10,102711,No,2017,829411,22.0
2021-07-11,102729,No,2017,827394,18.0
2021-07-12,102738,No,2017,825377,9.0
2021-07-13,102772,No,2017,823360,34.0
2021-07-14,102800,No,2021,821339,28.0
2021-07-15,102838,No,2023,819316,38.0
2021-07-16,102882,No,2023,817293,44.0
2021-07-17,102915,No,2024,815269,33.0
2021-07-18,102951,No,2024,813245,36.0
2021-07-19,102969,No,2025,811220,18.0
2021-07-20,103034,No,2025,809195,65.0
2021-07-21,103093,No,2025,807170,59.0
2021-07-22,103145,No,2025,805145,52.0
2021-07-23,103196,No,2025,803120,51.0
2021-07-24,103254,No,2025,801095,58.0
2021-07-25,103321,No,2025,799070,67.0
2021-07-26,103370,No,2025,797045,49.0
2021-07-27,103471,No,2026,795019,101.0
2021-07-28,103557,No,2026,792993,86.0
2021-07-29,103657,No,2027,790966,100.0
2021-07-30,103776,No,2027,788939,119.0
2021-07-31,103900,No,2027,786912,124.0
2021-08-01,104016,No,2028,784884,116.0
2021-08-02,104101,No,2028,782856,85.0
2021-08-03,104267,No,2029,780827,166.0
2021-08-04,104386,No,2030,778797,119.0
2021-08-05,104619,No,2030,776767,233.0
2021-08-06,104805,No,2030,774737,186.0
2021-08-07,104945,No,2030,772707,140.0
2021-08-08,105102,No,2030,770677,157.0
2021-08-09,105194,No,2030,768647,92.0
2021-08-10,105417,No,2032,766615,223.0
2021-08-11,105577,No,2032,764583,160.0
2021-08-12,105832,No,2035,762548,255.0
2021-08-13,105975,No,2037,760511,143.0
2021-08-14,106215,No,2038,758473,240.0
2021-08-15,106430,No,2038,756435,215.0
2021-08-16,106563,unknown,2038,754397,133.0
2021-08-17,106767,unknown,2042,752355,204.0
2021-08-18,106926,unknown,2047,750308,159.0
2021-08-19,107343,unknown,2051,748257,417.0
2021-08-20,107556,unknown,2052,746205,213.0
2021-08-21,107861,unknown,2054,744151,305.0
2021-08-22,108087,unknown,2054,742097,226.0
2021-08-23,108266,unknown,2054,740043,179.0
2021-08-24,108583,unknown,2057,737986,317.0
2021-08-25,108844,unknown,2060,735926,261.0
2021-08-26,109101,unknown,2062,733864,257.0
2021-08-27,109428,unknown,2063,731801,327.0
2021-08-28,109825,unknown,2065,729736,397.0
2021-08-29,110045,unknown,2065,727671,220.0
2021-08-30,110346,unknown,2065,725606,301.0
2021-08-31,110644,unknown,2066,723540,298.0
2021-09-01,110918,unknown,2066,721474,274.0
2021-09-02,111280,unknown,2076,719398,362.0
2021-09-03,111611,unknown,2081,717317,331.0
2021-09-04,112035,unknown,2082,715235,424.0
2021-09-05,112351,unknown,2083,713152,316.0
2021-09-06,112551,unknown,2083,711069,200.0
2021-09-07,112796,unknown,2084,708985,245.0
2021-09-08,113243,unknown,2086,706899,447.0
2021-09-09,113606,unknown,2089,704810,363.0
2021-09-10,113974,unknown,2091,702719,368.0
2021-09-11,114411,unknown,2094,700625,437.0
2021-09-12,114703,unknown,2094,698531,292.0
2021-09-13,115023,unknown,2094,696437,320.0
2021-09-14,115364,unknown,2101,694336,341.0
2021-09-15,115688,unknown,2107,692229,324.0
2021-09-16,116307,unknown,2113,690116,619.0
2021-09-17,116867,unknown,2116,688000,560.0
2021-09-18,117382,unknown,2118,685882,515.0
2021-09-19,117781,unknown,2119,683763,399.0
2021-09-20,118061,unknown,2119,681644,280.0
2021-09-21,118493,unknown,2124,679520,432.0
2021-09-22,118821,unknown,2129,677391,328.0
2021-09-23,119335,unknown,2131,675260,514.0
2021-09-24,119685,unknown,2134,673126,350.0
2021-09-25,120113,unknown,2139,670987,428.0
2021-09-26,120477,unknown,2139,668848,364.0
2021-09-27,120744,unknown,2139,666709,267.0
2021-09-28,121162,unknown,2150,664559,418.0
2021-09-29,121609,unknown,2160,662399,447.0
2021-09-30,121976,unknown,2164,660235,367.0
2021-10-01,122465,unknown,2165,658070,489.0
2021-10-02,122750,unknown,2173,655897,285.0
2021-10-03,123233,unknown,2175,653722,483.0
2021-10-04,123548,unknown,2176,651546,315.0
2021-10-05,123821,unknown,2185,649361,273.0
2021-10-06,124280,unknown,2196,647165,459.0
2021-10-07,124909,unknown,2202,644963,629.0
2021-10-08,125376,unknown,2210,642753,467.0
2021-10-09,125789,unknown,2210,640543,413.0
2021-10-10,126145,unknown,2210,638333,356.0
2021-10-11,126382,unknown,2210,636123,237.0
2021-10-12,126822,unknown,2226,633897,440.0
2021-10-13,127193,unknown,2242,631655,371.0
2021-10-14,127730,unknown,2249,629406,537.0
2021-10-15,128137,unknown,2257,627149,407.0
2021-10-16,128557,unknown,2257,624892,420.0
2021-10-17,128855,unknown,2257,622635,298.0
2021-10-18,129156,unknown,2263,620372,301.0
2021-10-19,129365,unknown,2267,618105,209.0
2021-10-20,129764,unknown,2281,615824,399.0
2021-10-21,130120,unknown,2286,613538,356.0
2021-10-22,130465,unknown,2298,611240,345.0
2021-10-23,130968,unknown,2303,608937,503.0
2021-10-24,131180,unknown,2303,606634,212.0
2021-10-25,131453,unknown,2303,604331,273.0
2021-10-26,131816,unknown,2306,602025,363.0
2021-10-27,132251,unknown,2321,599704,435.0
2021-10-28,132665,unknown,2332,597372,414.0
2021-10-29,133143,unknown,2334,595038,478.0
2021-10-30,133588,unknown,2338,592700,445.0
2021-10-31,133907,unknown,2343,590357,319.0
2021-11-01,134169,unknown,2343,588014,262.0
2021-11-02,134477,unknown,2350,585664,308.0
2021-11-03,134922,unknown,2358,583306,445.0
2021-11-04,135343,unknown,2369,580937,421.0
2021-11-05,135912,unknown,2372,578565,569.0
2021-11-06,136354,unknown,2376,576189,442.0
2021-11-07,136818,unknown,2376,573813,464.0
2021-11-08,137150,unknown,2378,571435,332.0
2021-11-09,137452,unknown,2388,569047,302.0
2021-11-10,138050,unknown,2402,566645,598.0
2021-11-11,138485,unknown,2412,564233,435.0
2021-11-12,139322,unknown,2414,561819,837.0
2021-11-13,139767,unknown,2420,559399,445.0
2021-11-14,140294,unknown,2423,556976,527.0
2021-11-15,140678,unknown,2424,554552,384.0
2021-11-16,141336,unknown,2431,552121,658.0
2021-11-17,141833,unknown,2439,549682,497.0
2021-11-18,142527,unknown,2446,547236,694.0
2021-11-19,143372,unknown,2451,544785,845.0
2021-11-20,144076,unknown,2457,542328,704.0
2021-11-21,144615,unknown,2458,539870,539.0
2021-11-22,145422,unknown,2458,537412,807.0
2021-11-23,145902,unknown,2462,534950,480.0
2021-11-24,146794,unknown,2468,532482,892.0
2021-11-25,147267,unknown,2476,530006,473.0
2021-11-26,148118,unknown,2476,527530,851.0
2021-11-27,148492,unknown,2476,525054,374.0
2021-11-28,148898,unknown,2481,522573,406.0
2021-11-29,149645,unknown,2483,520090,747.0
2021-11-30,150179,unknown,2490,517600,534.0
2021-12-01,150886,unknown,2495,515105,707.0
2021-12-02,151539,unknown,2502,512603,653.0
2021-12-03,152840,unknown,2512,510091,1301.0
2021-12-04,153516,unknown,2518,507573,676.0
2021-12-05,154011,unknown,2522,505051,495.0
2021-12-06,154363,unknown,2526,502525,352.0
2021-12-07,155212,unknown,2532,499993,849.0
2021-12-08,155979,unknown,2542,497451,767.0
2021-12-09,156669,unknown,2545,494906,690.0
2021-12-10,157410,unknown,2560,492346,741.0
2021-12-11,158347,unknown,2570,489776,937.0
2021-12-12,159011,unknown,2574,487202,664.0
2021-12-13,159390,unknown,2574,484628,379.0
2021-12-14,160084,unknown,2583,482045,694.0
2021-12-15,160659,unknown,2612,479433,575.0
2021-12-16,161085,unknown,2620,476813,426.0
2021-12-17,161862,unknown,2629,474184,777.0
2021-12-18,162514,unknown,2643,471541,652.0
2021-12-19,163022,unknown,2646,468895,508.0
2021-12-20,163457,unknown,2648,466247,435.0
2021-12-21,164271,unknown,2665,463582,814.0
2021-12-22,164715,unknown,2674,460908,444.0
2021-12-23,165659,unknown,2688,458220,944.0
2021-12-24,167244,unknown,2691,455529,1585.0
2021-12-25,168486,unknown,2691,452838,1242.0
2021-12-26,169372,unknown,2691,450147,886.0
2021-12-27,169781,unknown,2691,447456,409.0
2021-12-28,170435,unknown,2698,444758,654.0
2021-12-29,172136,unknown,2715,442043,1701.0
2021-12-30,174116,unknown,2724,439319,1980.0
2021-12-31,176336,unknown,2725,436594,2220.0
2022-01-01,179776,unknown,2725,433869,3440.0
2022-01-02,181874,unknown,2725,431144,2098.0
2022-01-03,184573,unknown,2727,428417,2699.0
2022-01-04,186760,unknown,2739,425678,2187.0
2022-01-05,190152,unknown,2750,422928,3392.0
2022-01-06,194789,unknown,2767,420161,4637.0
2022-01-07,198751,unknown,2777,417384,3962.0
2022-01-08,202490,unknown,2784,414600,3739.0
2022-01-09,205696,unknown,2786,411814,3206.0
2022-01-10,208603,unknown,2787,409027,2907.0
2022-01-11,210625,unknown,2799,406228,2022.0
2022-01-12,214887,unknown,2809,403419,4262.0
2022-01-13,218117,unknown,2815,400604,3230.0
2022-01-14,221273,unknown,2831,397773,3156.0
2022-01-15,224385,unknown,2842,394931,3112.0
2022-01-16,228362,unknown,2842,392089,3977.0
2022-01-17,230108,unknown,2842,389247,1746.0
2022-01-18,231810,unknown,2843,386404,1702.0
2022-01-19,233419,unknown,2848,383556,1609.0
2022-01-20,235185,unknown,2864,380692,1766.0
2022-01-21,237334,unknown,2885,377807,2149.0
2022-01-22,239215,unknown,2901,374906,1881.0
2022-01-23,240260,unknown,2904,372002,1045.0
2022-01-24,241621,unknown,2905,369097,1361.0
2022-01-25,242555,unknown,2921,366176,934.0
2022-01-26,243543,unknown,2933,363243,988.0
2022-01-27,245213,unknown,2954,360289,1670.0
2022-01-28,246575,unknown,2965,357324,1362.0
2022-01-29,250058,unknown,2975,354349,3483.0
2022-01-30,250741,unknown,2976,351373,683.0
2022-01-31,251318,unknown,2979,348394,577.0
2022-02-01,251815,unknown,3004,345390,497.0
2022-02-02,252496,unknown,3019,342371,681.0
2022-02-03,253226,unknown,3031,339340,730.0
2022-02-04,253888,unknown,3043,336297,662.0
2022-02-05,254604,unknown,3057,333240,716.0
2022-02-06,254874,unknown,3059,330181,270.0
2022-02-07,255574,unknown,3063,327118,700.0
2022-02-08,255232,unknown,3083,324035,-342.0
2022-02-09,255702,unknown,3091,320944,470.0
2022-02-10,256178,unknown,3098,317846,476.0
2022-02-11,256562,unknown,3105,314741,384.0
2022-02-12,257052,unknown,3112,311629,490.0
2022-02-13,257293,unknown,3112,308517,241.0
2022-02-14,257594,unknown,3117,305400,301.0
2022-02-15,257812,unknown,3126,302274,218.0
2022-02-16,258008,unknown,3136,299138,196.0
2022-02-17,258378,unknown,3140,295998,370.0
2022-02-18,258731,unknown,3143,292855,353.0
2022-02-19,259206,unknown,3143,289712,475.0
2022-02-20,259348,unknown,3156,286556,142.0
2022-02-21,259348,unknown,3156,283400,0.0
2022-02-22,259678,unknown,3156,280244,330.0
2022-02-23,259837,unknown,3175,277069,159.0
2022-02-24,260022,unknown,3186,273883,185.0
2022-02-25,260180,unknown,3191,270692,158.0
2022-02-26,260530,unknown,3198,267494,350.0
2022-02-27,260642,unknown,3200,264294,112.0
2022-02-28,260712,unknown,3200,261094,70.0
2022-03-01,260868,unknown,3210,257884,156.0
2022-03-02,260980,unknown,3217,254667,112.0
2022-03-03,261102,unknown,3220,251447,122.0
2022-03-04,261220,unknown,3222,248225,118.0
2022-03-05,261326,unknown,3222,245003,106.0
2022-03-06,261395,unknown,3233,241770,69.0
2022-03-07,261495,unknown,3233,238537,100.0
2022-03-08,261591,unknown,3242,235295,96.0
2022-03-09,261659,unknown,3243,232052,68.0
2022-03-10,261789,unknown,3244,228808,130.0
2022-03-11,261882,unknown,3253,225555,93.0
2022-03-12,261957,unknown,3258,222297,75.0
2022-03-13,262010,unknown,3259,219038,53.0
2022-03-14,262042,unknown,3260,215778,32.0
2022-03-15,262125,unknown,3262,212516,83.0
2022-03-16,262172,unknown,3263,209253,47.0
2022-03-17,262233,unknown,3263,205990,61.0
2022-03-18,262340,unknown,3264,202726,107.0
2022-03-19,262410,unknown,3264,199462,70.0
2022-03-20,262456,unknown,3268,196194,46.0
2022-03-21,262514,unknown,3268,192926,58.0
2022-03-22,262556,unknown,3272,189654,42.0
2022-03-23,262636,unknown,3275,186379,80.0
2022-03-24,262741,unknown,3278,183101,105.0
2022-03-25,262805,unknown,3280,179821,64.0
2022-03-26,262894,unknown,3280,176541,89.0
2022-03-27,262939,unknown,3280,173261,45.0
2022-03-28,262969,unknown,3280,169981,30.0
2022-03-29,263027,unknown,3282,166699,58.0
2022-03-30,263085,unknown,3285,163414,58.0
2022-03-31,263142,unknown,3286,160128,57.0
2022-04-01,263209,unknown,3288,156840,67.0
2022-04-02,263300,unknown,3289,153551,91.0
2022-04-03,263300,unknown,3289,150262,0.0
2022-04-04,263368,unknown,3289,146973,68.0
2022-04-05,263437,unknown,3292,143681,69.0
2022-04-06,263496,unknown,3294,140387,59.0
2022-04-07,263617,unknown,3294,137093,121.0
2022-04-08,263773,unknown,3294,133799,156.0
2022-04-09,263899,unknown,3294,130505,126.0
2022-04-10,263964,unknown,3294,127211,65.0
2022-04-11,264031,unknown,3294,123917,67.0
2022-04-12,264143,unknown,3295,120622,112.0
2022-04-13,264349,unknown,3294,117328,206.0
2022-04-14,264521,unknown,3299,114029,172.0
2022-04-15,264711,unknown,3301,110728,190.0
2022-04-16,264941,unknown,3302,107426,230.0
2022-04-17,265036,unknown,3302,104124,95.0
2022-04-18,265167,unknown,3302,100822,131.0
2022-04-19,265302,unknown,3309,97513,135.0
2022-04-20,265536,unknown,3310,94203,234.0
2022-04-21,265744,unknown,3310,90893,208.0
2022-04-22,265968,unknown,3311,87582,224.0
2022-04-23,266239,unknown,3311,84271,271.0
2022-04-24,266379,unknown,3311,80960,140.0
2022-04-25,266523,unknown,3311,77649,144.0
2022-04-26,266679,unknown,3312,74337,156.0
2022-04-27,267012,unknown,3312,71025,333.0
2022-04-28,267326,unknown,3314,67711,314.0
2022-04-29,267593,unknown,3316,64395,267.0
2022-04-30,267841,unknown,3316,61079,248.0
2022-05-01,268082,unknown,3316,57763,241.0
2022-05-02,268240,unknown,3316,54447,158.0
2022-05-03,268436,unknown,3317,51130,196.0
2022-05-04,268725,unknown,3319,47811,289.0
2022-05-05,268725,unknown,3319,44492,0.0
2022-05-06,268725,unknown,3319,41173,0.0
2022-05-07,268725,unknown,3319,37854,0.0
2022-05-08,268725,unknown,3319,34535,0.0
2022-05-09,268725,unknown,3319,31216,0.0
2022-05-10,268725,unknown,3319,27897,0.0
2022-05-11,271427,unknown,3323,24574,2702.0
2022-05-12,271427,unknown,3323,21251,0.0
2022-05-13,271427,unknown,3323,17928,0.0
2022-05-14,271427,unknown,3323,14605,0.0
2022-05-15,271427,unknown,3323,11282,0.0
2022-05-16,271427,unknown,3323,7959,0.0
2022-05-17,271427,unknown,3323,4636,0.0
2022-05-18,274948,unknown,3327,1309,3521.0
2022-05-19,274948,unknown,3327,-2018,0.0
2022-05-20,274948,unknown,3327,-5345,0.0
2022-05-21,274948,unknown,3327,-8672,0.0
2022-05-22,274948,unknown,3327,-11999,0.0
2022-05-23,274948,unknown,3327,-15326,0.0
2022-05-24,274948,unknown,3327,-18653,0.0
2022-05-25,279182,unknown,3348,-22001,4234.0
2022-05-26,279182,unknown,3348,-25349,0.0
2022-05-27,279182,unknown,3348,-28697,0.0
2022-05-28,279182,unknown,3348,-32045,0.0
2022-05-29,279182,unknown,3348,-35393,0.0
2022-05-30,279182,unknown,3348,-38741,0.0
2022-05-31,279182,unknown,3348,-42089,0.0
2022-06-01,282476,unknown,3357,-45446,3294.0
2022-06-02,282476,unknown,3357,-48803,0.0
2022-06-03,282476,unknown,3357,-52160,0.0
2022-06-04,282476,unknown,3357,-55517,0.0
2022-06-05,282476,unknown,3357,-58874,0.0
2022-06-06,282476,unknown,3357,-62231,0.0
2022-06-07,282476,unknown,3357,-65588,0.0
2022-06-08,285367,unknown,3376,-68964,2891.0
2022-06-09,285367,unknown,3376,-72340,0.0
2022-06-10,285367,unknown,3376,-75716,0.0
2022-06-11,285367,unknown,3376,-79092,0.0
2022-06-12,285367,unknown,3376,-82468,0.0
2022-06-13,285367,unknown,3376,-85844,0.0
2022-06-14,285367,unknown,3376,-89220,0.0
2022-06-15,285367,unknown,3376,-92596,0.0
2022-06-16,287728,unknown,3392,-95988,2361.0
2022-06-17,287728,unknown,3392,-99380,0.0
2022-06-18,287728,unknown,3392,-102772,0.0
2022-06-19,287728,unknown,3392,-106164,0.0
2022-06-20,287728,unknown,3392,-109556,0.0
2022-06-21,287728,unknown,3392,-112948,0.0
2022-06-22,289042,unknown,3399,-116347,1314.0
2022-06-23,289042,unknown,3399,-119746,0.0
2022-06-24,289042,unknown,3399,-123145,0.0
2022-06-25,289042,unknown,3399,-126544,0.0
2022-06-26,289042,unknown,3399,-129943,0.0
2022-06-27,289042,unknown,3399,-133342,0.0
2022-06-28,289042,unknown,3399,-136741,0.0
2022-06-29,289042,unknown,3399,-140140,0.0
2022-06-30,291095,unknown,3411,-143551,2053.0
2022-07-01,291095,unknown,3411,-146962,0.0
2022-07-02,291095,unknown,3411,-150373,0.0
2022-07-03,291095,unknown,3411,-153784,0.0
2022-07-04,291095,unknown,3411,-157195,0.0
2022-07-05,291095,unknown,3411,-160606,0.0
2022-07-06,292367,unknown,3416,-164022,1272.0
2022-07-07,292367,unknown,3416,-167438,0.0
2022-07-08,292367,unknown,3416,-170854,0.0
2022-07-09,292367,unknown,3416,-174270,0.0
2022-07-10,292367,unknown,3416,-177686,0.0
2022-07-11,292367,unknown,3416,-181102,0.0
2022-07-12,292367,unknown,3416,-184518,0.0
2022-07-13,294798,unknown,3427,-187945,2431.0
2022-07-14,294798,unknown,3427,-191372,0.0
2022-07-15,294798,unknown,3427,-194799,0.0
2022-07-16,294798,unknown,3427,-198226,0.0
2022-07-17,294798,unknown,3427,-201653,0.0
2022-07-18,294798,unknown,3427,-205080,0.0
2022-07-19,294798,unknown,3427,-208507,0.0
2022-07-20,297003,unknown,3434,-211941,2205.0
2022-07-21,297003,unknown,3434,-215375,0.0
2022-07-22,297003,unknown,3434,-218809,0.0
2022-07-23,297003,unknown,3434,-222243,0.0
2022-07-24,297003,unknown,3434,-225677,0.0
2022-07-25,297003,unknown,3434,-229111,0.0
2022-07-26,297003,unknown,3434,-232545,0.0
2022-07-27,299632,unknown,3443,-235988,2629.0
2022-07-28,299632,unknown,3443,-239431,0.0
2022-07-29,299632,unknown,3443,-242874,0.0
2022-07-30,299632,unknown,3443,-246317,0.0
2022-07-31,299632,unknown,3443,-249760,0.0
2022-08-01,299632,unknown,3443,-253203,0.0
2022-08-02,299632,unknown,3443,-256646,0.0
2022-08-03,302293,unknown,3449,-260095,2661.0
2022-08-04,302293,unknown,3449,-263544,0.0
2022-08-05,302293,unknown,3449,-266993,0.0
2022-08-06,302293,unknown,3449,-270442,0.0
2022-08-07,302293,unknown,3449,-273891,0.0
2022-08-08,302293,unknown,3449,-277340,0.0
2022-08-09,302293,unknown,3449,-280789,0.0
2022-08-10,304335,unknown,3459,-284248,2042.0
2022-08-11,304335,unknown,3459,-287707,0.0
2022-08-12,304335,unknown,3459,-291166,0.0
2022-08-13,304335,unknown,3459,-294625,0.0
2022-08-14,304335,unknown,3459,-298084,0.0
2022-08-15,304335,unknown,3459,-301543,0.0
2022-08-16,304335,unknown,3459,-305002,0.0
2022-08-17,307180,unknown,3477,-308479,2845.0
2022-08-18,307533,unknown,3478,-311957,353.0
2022-08-19,307533,unknown,3478,-315435,0.0
2022-08-20,307533,unknown,3478,-318913,0.0
2022-08-21,307533,unknown,3478,-322391,0.0
2022-08-22,307533,unknown,3478,-325869,0.0
2022-08-23,307533,unknown,3478,-329347,0.0
2022-08-24,309499,unknown,3483,-332830,1966.0
2022-08-25,309499,unknown,3483,-336313,0.0
2022-08-26,309499,unknown,3483,-339796,0.0
2022-08-27,309499,unknown,3483,-343279,0.0
2022-08-28,309499,unknown,3483,-346762,0.0
2022-08-29,309499,unknown,3483,-350245,0.0
2022-08-30,309499,unknown,3483,-353728,0.0
2022-08-31,311556,unknown,3501,-357229,2057.0
2022-09-01,311556,unknown,3501,-360730,0.0
2022-09-02,311556,unknown,3501,-364231,0.0
2022-09-03,311556,unknown,3501,-367732,0.0
2022-09-04,311556,unknown,3501,-371233,0.0
2022-09-05,311556,unknown,3501,-374734,0.0
2022-09-06,311556,unknown,3501,-378235,0.0
2022-09-07,313327,unknown,3509,-381744,1771.0
2022-09-08,313327,unknown,3509,-385253,0.0
2022-09-09,313327,unknown,3509,-388762,0.0
2022-09-10,313327,unknown,3509,-392271,0.0
2022-09-11,313327,unknown,3509,-395780,0.0
2022-09-12,313327,unknown,3509,-399289,0.0
2022-09-13,313327,unknown,3509,-402798,0.0
2022-09-14,315361,unknown,3525,-406323,2034.0
2022-09-15,315361,unknown,3525,-409848,0.0
2022-09-16,315361,unknown,3525,-413373,0.0
2022-09-17,315361,unknown,3525,-416898,0.0
2022-09-18,315361,unknown,3525,-420423,0.0
2022-09-19,315361,unknown,3525,-423948,0.0
2022-09-20,315361,unknown,3525,-427473,0.0
2022-09-21,316879,unknown,3538,-431011,1518.0
2022-09-22,316879,unknown,3538,-434549,0.0
2022-09-23,316879,unknown,3538,-438087,0.0
2022-09-24,316879,unknown,3538,-441625,0.0
2022-09-25,316879,unknown,3538,-445163,0.0
2022-09-26,316879,unknown,3538,-448701,0.0
2022-09-27,316879,unknown,3538,-452239,0.0
2022-09-28,318310,unknown,3549,-455788,1431.0
2022-09-29,318310,unknown,3549,-459337,0.0
2022-09-30,318310,unknown,3549,-462886,0.0
2022-10-01,318310,unknown,3549,-466435,0.0
2022-10-02,318310,unknown,3549,-469984,0.0
2022-10-03,318310,unknown,3549,-473533,0.0
2022-10-04,318310,unknown,3549,-477082,0.0
2022-10-05,319370,unknown,3558,-480640,1060.0
2022-10-06,319370,unknown,3558,-484198,0.0
2022-10-07,319370,unknown,3558,-487756,0.0
2022-10-08,319370,unknown,3558,-491314,0.0
2022-10-09,319370,unknown,3558,-494872,0.0
2022-10-10,319370,unknown,3558,-498430,0.0
2022-10-11,319370,unknown,3558,-501988,0.0
2022-10-12,320559,unknown,3567,-505555,1189.0
2022-10-13,320559,unknown,3567,-509122,0.0
2022-10-14,320559,unknown,3567,-512689,0.0
2022-10-15,320559,unknown,3567,-516256,0.0
2022-10-16,320559,unknown,3567,-519823,0.0
2022-10-17,320559,unknown,3567,-523390,0.0
2022-10-18,320559,unknown,3567,-526957,0.0
2022-10-19,321509,unknown,3583,-530540,950.0
2022-10-20,321509,unknown,3583,-534123,0.0
2022-10-21,321509,unknown,3583,-537706,0.0
2022-10-22,321509,unknown,3583,-541289,0.0
2022-10-23,321509,unknown,3583,-544872,0.0
2022-10-24,321509,unknown,3583,-548455,0.0
2022-10-25,321509,unknown,3583,-552038,0.0
2022-10-26,322504,unknown,3595,-555633,995.0
2022-10-27,322504,unknown,3595,-559228,0.0
2022-10-28,322504,unknown,3595,-562823,0.0
2022-10-29,322504,unknown,3595,-566418,0.0
2022-10-30,322504,unknown,3595,-570013,0.0
2022-10-31,322504,unknown,3595,-573608,0.0
